State,Station,Note,2022,2021,2020,2019,2018,2017,2016,2015,2014,2013,2012,2011,2010,2005
Alabama,"Anniston, Alabama",,"2,486","1,948","2,369","4,244","3,833","4,255","4,871","5,085","5,200","5,835","6,209","6,694","5,955","2,419"
Alabama,"Atmore, Alabama",,,,,,,,,,,,,,,115
Alabama,"Birmingham, Alabama",,"21,211","14,935","17,474","37,605","40,585","42,512","42,930","44,985","46,610","48,759","48,734","48,196","45,089","16,558"
Alabama,"Mobile, Alabama",,,,,,,,,,,,,,,570
Alabama,"Tuscaloosa, Alabama",,"5,389","3,720","4,871","9,323","10,228","10,571","10,594","10,922","11,360","11,598","12,290","12,032","12,533","4,904"
Arizona,"Benson, Arizona",,"1,743","1,224","1,218","1,947","1,939","2,036","2,013","2,073","1,961","1,833","1,367","1,208","1,091",537
Arizona,"Flagstaff, Arizona",,"25,499","16,693","20,981","43,453","43,421","39,803","41,053","40,800","39,183","40,390","41,014","41,252","41,775","17,370"
Arizona,"Kingman, Arizona",,"6,919","4,567","5,536","8,691","9,065","9,944","9,904","10,794","9,765","10,523","10,768","10,944","10,160","3,142"
Arizona,"Maricopa, Arizona",,"10,520","8,251","7,843","11,194","11,744","11,849","11,250","12,162","12,729","12,945","10,804","9,819","8,764","3,023"
Arizona,"Tucson, Arizona",,"19,115","14,567","15,715","25,695","28,183","29,146","27,301","28,682","27,917","25,921","23,896","23,340","21,095","6,880"
Arizona,"Williams Junction, Arizona",,,,,,,"9,672","8,051","6,738","6,025","6,944","7,487","7,646","7,642","2,889"
Arizona,"Williams Junction, Arizona",Service discontinued as of 1/1/18,,,,,"2,032",,,,,,,,,
Arizona,"Winslow, Arizona",,"2,652","1,773","2,437","4,371","4,345","4,187","4,481","5,074","4,428","4,625","5,034","5,399","5,274","1,378"
Arizona,"Yuma, Arizona",,"4,403",,"3,366","4,285","4,525","4,605","4,576","4,296","3,772","3,891","4,011","3,386","3,676",877
Arkansas,"Arkadelphia, Arkansas",,956,587,811,"1,389","1,433","1,390","1,177","1,308","1,527","1,787","1,602","1,574","1,486",481
Arkansas,"Hope, Arkansas",,"1,322",779,"1,013","1,579","1,650","1,691","1,608","1,612","1,911","1,310",,,,
Arkansas,"Little Rock, Arkansas",,"13,492","8,439","10,538","17,755","19,406","20,574","18,333","19,676","19,652","22,351","24,036","23,336","22,218","7,290"
Arkansas,"Malvern, Arkansas",,"1,558",878,"1,038","1,598","1,693","1,688","1,729","1,760","1,896","2,101","2,105","1,750","1,833",779
Arkansas,"Texarkana, Arkansas",,"4,814","3,135","3,420","5,214","6,133","6,231","6,207","6,894","7,853","8,903","8,849","8,646","7,867","2,983"
Arkansas,"Walnut Ridge, Arkansas",,"2,340","1,565","1,975","2,878","3,421","3,486","3,345","3,738","4,046","4,731","4,766","4,311","4,565","1,343"
California,"Anaheim, California",,"158,796","71,651","112,054","239,471","281,379","287,415","282,700","270,819","254,066","342,284","358,810","352,363","331,666","157,609"
California,"Antioch-Pittsburg, California",,"24,262","19,035","22,331","34,615","35,345","38,103","39,995","43,217","43,231","43,953","39,001","34,794","34,417","9,455"
California,"Auburn, California",,"5,357","1,587","6,730","15,325","14,243","13,352","15,732","14,779","16,383","49,686","28,396","29,438","31,092","16,707"
California,"Bakersfield, California",,"314,684","196,791","250,609","424,157","442,023","482,276","491,824","513,884","521,423","546,439","507,058","476,767","413,172","185,089"
California,"Barstow, California",,"1,959","1,567","2,457","3,112","3,400","3,509","3,153","3,463","3,096","3,586","3,433","3,870","3,609","1,380"
California,"Berkeley, California",,"57,302","25,999","83,958","174,656","173,579","156,226","150,636","136,997","133,855","153,080","152,096","142,510","133,152","35,444"
California,"Burbank, California",,"43,671","20,653","32,607","63,749","62,478","73,814","68,918","67,924","60,685","51,998","47,217","47,928","41,997","14,050"
California,"Camarillo, California",,"31,862","11,807","27,819","53,219","54,252","54,582","52,310","51,831","46,120","39,634","37,393","36,686","33,165","9,696"
California,"Carlsbad Poinsettia, California",,,,,,,"10,074","10,556","9,363","5,977",0,,,,
California,"Carlsbad Poinsettia, California","Service ended on 10/9/17, during Fiscal 2018",,,,,120,,,,,,,,,
California,"Carlsbad Village, California",,,,,,"9,904","14,522","14,843","13,455","8,030",0,,,,
California,"Carlsbad Village, California",Service ended 10/8/18 within FY19.,,,,160,,,,,,,,,,
California,"Carpinteria, California",,"15,883","9,242","15,585","32,597","49,813","32,701","30,762","29,461","28,628","25,496","20,587","20,064","20,149","7,048"
California,"Chatsworth, California",,"38,654","17,752","28,853","62,464","62,354","72,278","71,133","72,132","63,980","56,493","52,543","52,401","49,178","19,828"
California,"Chico, California",,"7,625","3,383","7,544","10,580","10,414","12,154","13,144","13,736","13,125","12,875","11,009","9,843","10,067","2,862"
California,"Colfax, California",,"3,753","2,034","3,370","5,845","5,658","7,035","6,277","4,631","4,810","4,479","4,377","4,036","4,322","1,622"
California,"Corcoran, California",,"14,964","9,951","17,610","26,789","24,646","28,440","30,104","32,331","34,539","31,542","29,072","27,424","27,375","11,745"
California,"Davis, California",,"163,636","70,194","194,029","380,034","390,060","375,626","379,073","372,554","358,350","424,114","445,416","443,168","409,611","171,637"
California,"Dunsmuir, California",,"3,496","2,160","3,680","5,178","4,654","5,330","5,958","6,166","5,892","5,912","5,385","5,370","4,879","1,989"
California,"Emeryville, California",,"283,631","164,264","279,498","585,849","595,017","581,138","581,573","587,926","578,386","598,859","586,876","583,865","529,965","254,039"
California,"Encinitas, California",,,,,,,"13,224","12,975","11,945","7,151",0,,,,
California,"Encinitas, California","Service ended on 10/9/17, during Fiscal 2018",,,,,122,,,,,,,,,
California,"Fairfield-Vacaville, California",,"39,248","28,245","61,003","101,369",,,,,,,,,,
California,"Fairfield-Vacaville, California","Service added on 11/13/17, during Fiscal 2018",,,,,"53,375",,,,,,,,,
California,"Fremont, California",,"21,216","9,341","23,234","48,512","44,371","41,751","40,617","35,475","34,446","38,471","43,737","43,515","39,162","13,772"
California,"Fresno, California",,"221,781","136,415","194,144","368,262","377,709","374,479","369,582","387,640","389,543","399,141","394,074","371,875","352,737","128,284"
California,"Fullerton, California",,"172,130","86,618","129,611","256,594","304,880","399,695","388,068","370,334","336,265","313,949","310,694","436,383","411,489","201,862"
California,"Glendale, California",,"31,521","13,227","22,226","44,390","43,351","55,032","52,395","51,009","48,631","41,936","40,070","39,913","37,117","17,342"
California,"Goleta, California",,"52,365","19,947","57,055","110,409","108,414","78,365","76,286","75,677","74,359","70,291","57,033","62,310","59,911","25,640"
California,"Great America (Santa Clara), California",,"39,593","19,970","100,196","194,677","176,925","167,475","151,802","131,129","113,189","120,140","121,246","115,989","104,041","37,275"
California,"Grover Beach, California",,"12,748","6,446","8,815","13,293","12,447","18,879","18,987","19,437","19,530","19,169","18,005","17,326","17,944","6,489"
California,"Guadalupe-Santa Maria, California",,"9,744","5,148","5,929","9,298","8,706","12,430","12,227","12,718","12,162","11,719","11,250","10,649","10,018","3,425"
California,"Hanford, California",,"97,628","60,573","93,645","181,209","190,403","196,702","201,098","213,923","220,144","225,708","210,682","199,291","187,865","69,588"
California,"Hayward, California",,"20,641","10,328","38,591","70,383","57,815","50,361","47,351","40,631","35,798","35,409","35,342","30,603","29,984","11,416"
California,"Irvine, California",,"180,103","108,774","184,298","347,262","438,553","440,986","450,732","421,736","406,451","425,041","421,619","664,263","630,190","281,576"
California,"Laguna Niguel, California",,,,,,,,,,,805,"2,125","2,938","2,644",
California,"Lodi, California",,"1,584",,"4,639","11,285","9,278","7,978","8,617","10,185","9,838","9,695","8,439","7,422","7,443","2,851"
California,"Lompoc-Surf, California",,"7,560","3,712","5,093","6,610","5,946","7,823","7,921","8,158","8,097","8,341","7,096","5,950","6,422","2,219"
California,"Los Angeles, California",,"928,558","466,417","708,925","1,413,006","1,717,405","1,716,392","1,635,039","1,589,391","1,551,090","1,643,706","1,657,446","1,606,121","1,517,342","690,068"
California,"Madera, California",,"19,014","11,819","16,854","27,591","28,384","27,751","27,136","27,718","28,993","27,474","24,770","21,739","20,031","5,565"
California,"Martinez, California",,"176,571","124,389","197,953","352,068","346,051","347,095","364,372","363,717","359,755","473,836","475,909","446,507","410,968","150,222"
California,"Merced, California",,"94,304","48,737","78,318","133,311","126,793","126,148","121,137","128,327","129,179","134,138","125,316","114,401","103,505","37,641"
California,"Metrolink Station Orange, California 92866",,,,,,,,,,,919,"2,302","3,025","2,439",
California,"Modesto, California",,"76,286","51,281","70,147","116,342","112,292","115,672","117,422","121,389","122,998","127,886","118,226","104,647","96,662","35,883"
California,"Moorpark, California",,"16,960","1,050","7,686","17,539","18,298","21,881","21,726","20,696","18,616","15,212","14,431","13,191","12,293","4,595"
California,"Moreno Valley, California",,,,,,,,,,"12,105","12,431","12,197","11,679","10,806",
California,"Moreno Valley, California","Riverside, California",,,,,,"12,029","12,287","12,837",,,,,,
California,"Napa, California",,,6,,,,,,,,,,,,
California,"Needles, California",,"4,667","3,633","5,682","8,641","9,124","9,176","8,017","8,656","8,386","8,640","9,118","8,840","9,481","4,581"
California,"Oakland Coliseum, California",,"23,557","17,233","41,310","92,730","87,842","77,057","70,520","57,491","52,260","30,133","26,272","22,113","20,785",809
California,"Oakland, California",,"154,266","97,880","211,617","396,640","388,533","371,257","344,112","319,336","303,431","405,627","416,800","379,851","355,128","143,147"
California,"Oceanside, California",,"185,734","106,892","142,524","258,266","432,838","394,122","416,021","385,128","412,711","384,786","344,562","311,834","293,012","155,251"
California,"Ontario, California",,"3,374","2,926","2,662","4,077","4,655","4,575","4,864","4,824","4,687","5,100","5,185","5,422","4,756","1,416"
California,"Oxnard, California",,"59,653","36,307","49,530","91,436","103,074","94,000","92,805","96,662","90,334","79,137","81,231","78,085","74,468","34,912"
California,"Palm Springs, California",,"2,224","1,171","2,217","3,045","2,925","3,142","3,042","3,130","3,068","3,113","4,945","5,897","6,061",810
California,"Paso Robles, California",,"8,197","3,923","6,549","11,808","10,769","11,377","12,037","12,149","12,065","12,338","11,728","10,122","10,372","2,643"
California,"Pomona, California",,"1,131","1,052","1,097","1,607","1,540","1,601","1,716","1,812","1,616","1,461","1,614","1,517","1,523",351
California,"Redding, California",,"6,625","4,382","7,801","10,135","9,822","10,475","11,208","12,345","13,263","13,269","12,059","11,440","10,322","3,153"
California,"Richmond, California",,"114,929","60,116","155,109","291,270","289,928","292,453","269,838","251,372","241,962","266,237","281,999","276,114","271,486","106,821"
California,"Riverside, California",,"6,947","4,926","6,706","10,973","11,862",,,,,,,,,"3,100"
California,"Rocklin, California",,"5,031","2,113","8,793","17,199","16,918","15,926","16,403","15,074","15,414","28,953","32,993","36,329","34,263","15,635"
California,"Roseville, California",,"21,022","7,976","21,274","39,289","38,852","38,638","39,409","34,528","32,539","50,338","62,233","67,831","67,796","29,334"
California,"Sacramento, California",,"456,647","255,183","565,196","1,100,550","1,089,223","1,073,584","1,051,001","1,027,013","1,022,322","1,132,750","1,186,958","1,175,046","1,107,220","472,450"
California,"Salinas, California",,"16,160","7,379","11,469","19,965","19,242","20,564","21,498","21,836","22,204","21,942","19,879","18,164","18,935","6,388"
California,"San Bernardino, California",,"6,855","3,883","6,736","10,275","10,861","12,035","11,579","12,287","12,488","11,349","11,554","10,552","10,080","4,688"
California,"San Clemente Pier, California",,"14,107","7,563","6,707","15,753","14,592","14,926","15,396","13,559","13,206","15,017","9,912","9,223","9,990","2,534"
California,"San Diego-Old Town, California",,"253,617","113,163","174,880","362,340","350,518","300,245","267,481","238,288","196,795","135,749","61,188","22,867","21,616","7,852"
California,"San Diego, California",,"443,091","235,775","319,689","652,818","699,430","777,961","777,352","773,497","700,107","686,953","708,934","753,739","715,043","432,248"
California,"San Jose, California",,"110,949","51,848","125,113","238,638","230,387","223,028","223,055","215,158","210,297","258,776","234,767","224,756","202,512","77,307"
California,"San Juan Capistrano, California",,"117,526","71,260","90,699","194,555","237,776","229,153","229,408","226,596","226,515","242,722","244,992","230,481","223,580","126,214"
California,"San Luis Obispo, California",,"75,279","30,449","48,229","72,922","70,090","105,156","107,778","110,966","110,415","115,028","108,439","101,659","99,778","37,498"
California,"Santa Ana, California",,"95,854","50,733","72,968","143,020","191,609","194,581","191,716","182,291","185,327","202,919","201,842","170,036","152,733","85,073"
California,"Santa Barbara, California",,"213,697","123,317","160,074","317,664","365,077","341,899","338,069","333,994","319,245","322,410","304,382","317,617","295,079","111,339"
California,"Santa Clara (University), California",,"21,489","6,350","33,870","67,887","56,127","45,135","42,644","30,267","21,732","8,635","1,633",,,
California,"Simi Valley, California",,"26,689","16,690","23,948","46,391","43,456","52,064","51,049","49,756","46,008","40,126","40,697","41,136","38,946","14,599"
California,"Solana Beach, California",,"176,089","94,621","165,202","369,414","388,823","387,956","396,157","408,248","384,547","428,841","421,614","443,386","408,060","206,230"
California,"Sorrento Valley, California",,,,,,"21,413","27,335","20,720","16,523","9,746",0,,,,
California,"Sorrento Valley, California",Service ended 10/8/18 within FY19.,,,,463,,,,,,,,,,
California,"Stockton (Downtown), California",,"2,824",1,"8,818","16,517",,"32,266","37,916","40,428","41,488","43,230","40,056","38,401","34,188","6,740"
California,"Stockton (Downtown), California",Downtown,,,,,"24,602",,,,,,,,,
California,"Stockton (San Joaquin St.), California",,"212,527","156,622","183,931","276,886",,"297,699","283,213","293,861","292,818","295,344","277,926","260,115","238,868","83,236"
California,"Stockton (San Joaquin St.), California",San Joaquin St.,,,,,"289,116",,,,,,,,,
California,"Suisun-Fairfield, California",,"38,530","30,771","70,243","128,369","140,394","164,709","167,994","164,288","162,062","196,038","200,402","192,471","171,381","56,060"
California,"Truckee, California",,"9,997","5,747","9,138","15,104","15,251","14,879","14,675","10,846","10,509","9,855","9,450","8,399","9,139","2,949"
California,"Turlock-Denair, California",,"21,437","12,378","18,729","32,633","30,492","29,924","29,197","29,791","29,197","28,221","25,308","23,454","21,668","6,579"
California,"Van Nuys, California",,"44,026","22,171","34,754","67,522","74,209","82,417","80,405","80,957","79,294","75,762","73,665","74,163","70,551","30,402"
California,"Ventura, California",,"43,659","23,357","41,907","83,095","91,741","67,522","65,328","61,812","58,938","55,434","47,482","47,457","45,385","16,024"
California,"Victorville, California",,"4,554","2,584","3,680","5,501","5,911","6,292","6,664","7,266","6,692","7,290","6,764","6,488","5,558","1,848"
California,"Wasco, California",,"22,781","13,916","26,997","39,232","36,559","41,828","41,424","39,678","42,159","49,245","21,117","18,209","18,044","5,340"
Colorado,"Denver, Colorado",,"104,513","61,216","89,764","142,974","143,986","154,706","139,652","126,403","111,426","108,124","113,393","115,342","128,410","65,194"
Colorado,"Fort Morgan, Colorado",,"2,019","1,614","2,153","3,473","3,445","3,448","3,539","3,705","3,551","3,196","3,343","3,191","3,349","1,450"
Colorado,"Glenwood Springs, Colorado",,"32,519","22,968","25,828","42,418","44,430","46,079","46,818","39,713","34,489","33,113","33,245","33,776","34,227","14,986"
Colorado,"Granby, Colorado",,"3,256","2,305","2,904","4,863","5,034","4,950","4,677","3,945","3,347","3,408","3,528","3,621","3,655","1,371"
Colorado,"Grand Junction, Colorado",,"20,712","14,995","19,071","32,662","32,540","30,896","32,302","29,811","29,672","29,826","31,999","29,218","28,835","10,835"
Colorado,"La Junta, Colorado",,"4,799","3,525","4,583","7,061","7,373","7,009","7,080","7,256","6,918","6,711","6,566","6,653","7,264","3,471"
Colorado,"Lamar, Colorado",,915,673,"1,028","1,573","1,588","1,673","1,879","1,928","1,812","1,823","1,936","1,840","1,897","1,015"
Colorado,"Trinidad, Colorado",,"4,896","3,733","3,859","6,060","5,635","5,415","5,747","5,158","4,592","4,765","4,770","4,535","4,102","2,197"
Colorado,"Winter Park Resort (seasonal), Colorado",,"16,958",,"17,114","18,996","13,033","16,568",,,,,,,,
Colorado,"Winter Park-Fraser, Colorado",,"6,466","3,500","8,042","10,152","10,006","8,845","9,017","8,445","6,911","7,250","7,162","8,252","7,913","4,976"
Connecticut,"Berlin, Connecticut",,"17,812","8,981","11,224","19,904","16,219","14,007","16,332","21,189","23,363","25,594","24,108","23,465","23,196","11,699"
Connecticut,"Bridgeport, Connecticut",,"98,572","56,891","54,364","94,551","90,174","87,023","83,211","80,199","80,571","80,309","84,446","76,653","72,809","27,818"
Connecticut,"Hartford, Connecticut",,"149,625","75,866","93,865","172,178","150,611","127,805","138,682","171,690","179,186","187,357","179,536","173,554","170,060","79,467"
Connecticut,"Meriden, Connecticut",,"16,373","8,032","10,244","17,676","16,495","12,703","17,735","27,602","30,466","35,475","34,483","34,582","35,904","13,131"
Connecticut,"Mystic, Connecticut",,"24,160","14,284","14,623","28,662","28,017","25,687","25,704","23,814","23,083","23,490","25,983","23,091","20,787","7,380"
Connecticut,"New Haven State Street, Connecticut",,"15,727","5,972","2,273","2,912",,,,,,,,,,
Connecticut,"New Haven State Street, Connecticut",Service began 6/18,,,,,117,,,,,,,,,
Connecticut,"New Haven, Connecticut",,"617,119","347,544","425,723","778,534","697,603","627,065","642,471","698,656","714,146","745,530","755,669","740,902","723,287","327,178"
Connecticut,"New London, Connecticut",,"138,728","85,366","83,353","164,454","161,111","161,916","158,700","154,614","154,532","161,405","173,003","165,819","162,396","73,731"
Connecticut,"Old Saybrook, Connecticut",,"61,265","33,194","33,980","70,366","67,501","64,328","62,269","60,833","60,413","60,310","65,315","65,937","63,929","28,248"
Connecticut,"Stamford, Connecticut",,"269,195","133,681","210,417","429,103","416,315","410,593","401,548","394,824","401,414","388,733","393,703","385,069","355,232","141,723"
Connecticut,"Wallingford, Connecticut",,"7,141","3,317","5,164","9,305","9,555","8,258","9,377","13,245","14,331","17,061","18,148","15,583","15,190","5,284"
Connecticut,"Windsor Locks, Connecticut",,"19,733","8,907","12,768","25,408","18,333","15,155","17,053","21,082","13,677","18,711","18,491","15,503","15,812","5,437"
Connecticut,"Windsor, Connecticut",,"12,987","6,586","8,532","16,717","11,091","8,638","9,167","12,857","19,957","13,235","11,713","10,269","10,219","4,103"
Delaware,"Georgetown, Delaware",,,,,,,,,,,,,,,420
Delaware,"Newark, Delaware",,"22,125","8,888","7,101","12,100","13,432","13,614","12,896","12,636","12,418","12,971","14,682","10,641","9,300","2,206"
Delaware,"Wilmington, Delaware",,"433,876","227,919","348,457","705,259","702,150","688,432","691,694","700,341","704,523","738,313","737,846","717,772","696,979","387,328"
District of Columbia,"Washington Union Station, District of Columbia",,"3,631,677","1,758,409","2,606,059","5,207,223","5,197,237","5,225,460","5,098,562","4,971,128","5,028,928","5,033,392","5,013,991","4,850,685","4,572,878","1,880,852"
Florida,"Chipley, Florida",,,,,,,,,,,,,,,718
Florida,"Crestview, Florida",,,,,,,,,,,,,,,539
Florida,"Dade City, Florida",,,,,,,,,,,,,,,77
Florida,"Deerfield Beach, Florida",,"15,142","11,094","12,262","21,066","22,230","23,836","24,524","26,777","28,404","30,048","32,180","31,338","29,955","11,716"
Florida,"DeLand, Florida",,"13,442","10,433","12,338","20,453","20,677","20,827","22,374","24,310","26,063","26,502","28,553","28,663","25,982","9,782"
Florida,"Delray Beach, Florida",,"10,476","7,194","8,829","14,752","13,643","13,782","13,180","14,652","13,703","13,280","13,448","12,696","11,626","3,753"
Florida,"Fort Lauderdale, Florida",,"31,194","23,073","26,357","41,218","40,838","41,377","42,684","46,971","52,384","53,955","56,913","58,907","54,434","20,552"
Florida,"Hollywood, Florida",,"17,060","13,042","13,067","21,652","22,592","24,621","26,069","28,332","32,980","34,869","38,805","39,069","37,967","14,783"
Florida,"Jacksonville, Florida",,"48,144","39,709","39,872","63,969","66,471","70,539","70,516","71,084","78,031","94,277","77,512","74,733","70,728","32,231"
Florida,"Kissimmee, Florida",,"26,862","21,158","20,757","35,726","35,028","35,737","37,773","41,424","43,543","44,906","48,521","47,823","43,163","15,659"
Florida,"Lake City, Florida",,,,,,,,,,,,,,,281
Florida,"Lakeland, Florida",,"16,803","7,851","10,733","19,186","18,924","19,479","20,475","21,526","21,816","22,829","25,630","24,696","24,220","6,569"
Florida,"Madison, Florida",,,,,,,,,,,,,,,187
Florida,"Miami, Florida",,"50,992","37,411","39,123","62,497","64,729","66,110","65,975","70,560","78,695","84,293","91,019","94,556","90,561","33,708"
Florida,"Ocala, Florida",,,,,,,,,,,,,,,344
Florida,"Okeechobee, Florida",,"4,104","2,023","2,809","4,109","3,988","3,935","4,193","4,223","4,091","3,851","3,933","3,976","3,536","1,506"
Florida,"Orlando, Florida",,"89,933","73,327","72,267","127,186","127,326","133,248","138,359","145,839","155,532","160,442","172,502","179,142","159,533","70,772"
Florida,"Palatka, Florida",,"8,641","7,171","7,723","12,313","11,598","12,579","12,341","12,568","12,145","12,749","12,803","13,872","13,323","5,439"
Florida,"Pensacola, Florida",,,,,,,,,,,,,,,"1,616"
Florida,"Sanford (Auto Train Station), Florida",,"269,381","197,708","163,468","236,035","224,812","228,943","238,448","271,622","274,445","265,274","264,096","259,944","244,252","100,772"
Florida,"Sebring, Florida",,"10,301","8,619","9,166","14,083","13,847","15,214","16,416","17,397","17,076","17,111","18,202","19,988","18,951","7,603"
Florida,"Tallahassee, Florida",,,,,,,,,,,,,,,"1,216"
Florida,"Tampa, Florida",,"110,901","52,376","65,718","110,309","108,783","110,577","109,456","120,565","131,322","139,412","150,844","140,785","131,054","26,387"
Florida,"Waldo, Florida",,,,,,,,,,,,,,,159
Florida,"West Palm Beach, Florida",,"39,440","28,756","32,819","53,716","53,974","54,828","57,038","59,071","62,990","64,994","67,992","66,303","62,233","24,345"
Florida,"Wildwood, Florida",,,,,,,,,,,,,,,98
Florida,"Winter Haven, Florida",,"17,397","15,227","13,321","19,757","20,503","20,598","21,684","21,965","22,273","22,025","24,565","26,188","22,992","11,353"
Florida,"Winter Park, Florida",,"16,388","12,993","14,828","27,047","25,844","27,253","28,205","28,310","29,013","30,142","33,455","34,858","31,962","11,738"
Georgia,"Atlanta, Georgia",,"49,579","34,941","41,277","68,112","72,197","77,751","79,915","85,252","95,630","99,005","104,854","114,938","112,364","44,229"
Georgia,"Gainesville, Georgia",,"3,320","2,188","3,157","5,227","5,032","5,493","5,028","6,176","6,448","6,464","9,387","5,921","5,187","2,238"
Georgia,"Jesup, Georgia",,"5,959","5,221","6,051","9,767","9,461","9,648","10,091","10,284","10,636","10,692","10,086","9,900","9,106","2,984"
Georgia,"Savannah, Georgia",,"48,796","32,763","33,600","56,220","53,769","57,180","55,654","59,801","63,016","71,658","72,321","69,379","65,656","19,427"
Georgia,"Toccoa, Georgia",,"1,304",875,"1,375","2,381","2,324","3,407","2,516","2,640","3,021","4,266","4,434","3,826","3,497","1,586"
Idaho,"Sandpoint, Idaho",,"4,537","3,594","4,186","6,726","7,166","7,366","7,510","7,867","8,489","9,196","8,815","5,296","5,606","2,721"
Illinois,"Alton, Illinois",,"49,368","23,178","29,749","63,310","67,225","64,420","59,809","61,249","68,584","73,043","63,027","50,220","64,674","16,683"
Illinois,"Bloomington/Normal, Illinois",,"178,018","91,842","116,921","229,894","238,626","241,844","226,212","254,317","261,631","263,235","239,981","244,566","209,629","47,201"
Illinois,"Carbondale, Illinois",,"55,051","40,761","50,761","84,495","91,264","100,858","101,845","117,922","129,446","135,891","140,093","136,920","116,094","38,905"
Illinois,"Carlinville, Illinois",,"8,053","4,000","5,521","11,172","12,089","10,062","10,138","9,626","11,295","13,418","10,557","7,831","11,364","2,680"
Illinois,"Centralia, Illinois",,"11,025","7,945","11,132","20,606","20,783","20,710","21,297","24,804","26,674","27,618","26,496","25,275","22,009","5,926"
Illinois,"Champaign-Urbana, Illinois",,"173,549","103,739","113,548","180,427","155,614","158,951","162,050","172,877","178,487","190,851","178,353","164,404","142,406","39,863"
Illinois,"Chicago, Illinois",,"2,359,084","1,336,525","1,688,452","3,331,513","3,388,307","3,388,051","3,247,117","3,295,630","3,377,259","3,522,388","3,483,313","3,393,695","3,288,054","1,226,962"
Illinois,"Du Quoin, Illinois",,"4,196","3,108","4,389","7,949","8,309","8,717","8,972","10,197","11,362","11,481","10,776","10,241","9,250","2,103"
Illinois,"Dwight, Illinois",,"4,941","3,871","5,249","10,073","9,913","10,058","9,361","10,191","10,995","10,763","10,184","8,937","9,911","2,263"
Illinois,"Effingham, Illinois",,"12,798","8,242","12,713","23,619","24,384","25,907","26,276","27,195","29,330","29,359","28,530","25,641","22,394","5,179"
Illinois,"Galesburg, Illinois",,"59,510","38,637","50,273","90,796","94,267","100,287","98,613","100,503","100,871","103,717","106,491","104,208","102,851","36,489"
Illinois,"Gilman, Illinois",,"1,373","1,334","1,365","2,128","2,317","2,371","2,540","3,138","3,333","3,257","2,862","2,758","2,172",474
Illinois,"Glenview, Illinois",,"38,221","20,571","31,551","62,347","55,496","55,216","55,340","58,143","58,882","65,849","71,827","70,494","66,629","20,617"
Illinois,"Homewood, Illinois",,"26,722","10,299","22,994","36,588","36,151","36,850","37,102","41,499","44,624","46,552","43,055","39,443","34,233","11,013"
Illinois,"Joliet, Illinois",,"54,905","28,348","35,319","64,752","61,182","61,367","58,211","64,349","70,148","70,142","63,102","54,668","53,322","11,824"
Illinois,"Kankakee, Illinois",,"11,135","25,495","14,689","18,845","19,201","19,745","20,138","21,736","22,898","24,067","22,110","19,732","17,519","4,002"
Illinois,"Kewanee, Illinois",,"12,073","6,588","9,128","17,880","17,354","18,012","17,144","15,849","17,152","16,510","16,504","13,936","13,635","3,859"
Illinois,"La Grange Road, Illinois",,"8,407","4,712","6,673","10,773","11,003","12,754","12,181","13,398","14,076","15,365","15,120","14,868","14,252","3,391"
Illinois,"Lincoln, Illinois",,"15,547","8,147","11,764","22,869","23,581","21,896","21,245","23,333","25,587","25,393","22,473","17,541","23,723","7,421"
Illinois,"Macomb, Illinois",,"41,675","25,707","33,061","56,878","61,002","67,011","67,981","71,231","72,550","77,082","80,000","78,129","72,717","19,121"
Illinois,"Mattoon, Illinois",,"22,004","15,735","19,908","34,023","34,279","35,822","37,536","41,956","42,872","44,598","42,011","38,328","32,818","7,730"
Illinois,"Mendota, Illinois",,"14,892","9,002","12,322","22,688","22,276","23,141","23,736","24,073","24,019","25,410","24,250","23,768","21,082","5,820"
Illinois,"Naperville, Illinois",,"26,991","16,598","22,563","40,902","42,104","45,882","46,856","46,806","49,915","53,135","54,213","53,918","50,733","17,641"
Illinois,"Plano, Illinois",,"4,746","2,679","3,588","6,269","6,442","6,187","6,412","6,771","7,193","6,901","6,344","6,188","5,481","1,062"
Illinois,"Pontiac, Illinois",,"10,627","5,553","7,366","16,634","17,731","16,717","15,300","15,312","16,474","17,077","14,429","13,824","15,478","3,911"
Illinois,"Princeton, Illinois",,"21,887","12,441","19,189","37,118","38,244","36,942","37,024","35,788","35,786","36,118","34,713","33,678","31,644","9,493"
Illinois,"Quincy, Illinois",,"25,040","14,450","19,497","37,527","37,282","41,469","41,769","46,006","47,185","50,378","53,633","50,842","46,279","14,942"
Illinois,"Rantoul, Illinois",,"3,526","3,315","3,597","4,943","4,999","4,773","5,660","6,371","5,908","5,823","4,909","4,808","4,085",412
Illinois,"Springfield, Illinois",,"118,743","61,866","79,796","161,319","168,969","177,241","165,484","184,420","194,762","202,095","192,216","159,444","190,172","52,929"
Illinois,"Summit, Illinois",,"15,111","8,310","9,607","14,516","15,816","12,614","11,056","12,196","12,528","11,084","9,072","7,914","7,912","1,660"
Indiana,"Albany/Rensselaer, Indiana",,,,,,"1,816","2,188","1,963","2,090","2,154","2,239","2,342","2,042","1,848",
Indiana,"Connellsville, Indiana",,,,,,607,583,586,770,690,771,700,532,659,
Indiana,"Connersville, Indiana",,373,419,366,448,,,,,,,,,,222
Indiana,"Crawfordsville (Bus), Indiana",,"1,235","1,071","1,244","4,988","5,716","5,932","5,774","5,300","5,748","6,249","6,003","5,897","5,488","1,598"
Indiana,"Dyer, Indiana",,959,"1,092","1,090","2,991","3,198","3,142","3,082","3,463","3,392","2,934","2,756","2,439","2,257",533
Indiana,"Elkhart, Indiana",,"16,157","10,427","14,693","20,631","21,875","22,599","21,317","20,741","21,666","20,080","18,141","17,070","16,080","4,197"
Indiana,"Hammond-Whiting, Indiana",,"3,031",445,"2,413","5,167","5,848","11,321","5,952","7,463","7,701","7,763","6,411","7,292","6,638","4,669"
Indiana,"Indianapolis, Indiana",,"10,881","9,847","7,373","24,937","29,431","32,725","31,470","30,153","33,033","36,162","34,863","34,265","32,125","12,208"
Indiana,"Lafayette, Indiana",,"4,271","3,482","2,984","13,307","16,997","17,667","18,391","18,849","23,609","24,925","27,363","26,827","25,805","6,236"
Indiana,"Michigan City, Indiana",,817,338,"1,136","2,662","2,720","3,699","3,573","3,783","3,994","3,883","3,293","3,702","3,395","1,217"
Indiana,"Nappanee, Indiana",,,,,,,,,,,,,,,616
Indiana,"Rensselaer, Indiana",,479,521,482,"1,754",,,,,,,,,,565
Indiana,"South Bend, Indiana",,"18,848","9,292","12,724","19,931","21,260","21,818","21,389","22,867","24,545","25,613","24,799","23,662","21,063","9,411"
Indiana,"Waterloo, Indiana",,"16,945","9,287","11,559","20,995","21,866","23,137","20,515","20,030","22,814","24,299","24,064","22,662","21,372","9,380"
Iowa,"Burlington, Iowa",,"4,998","3,849","5,446","7,603","8,668","8,430","9,242","9,329","8,813","8,811","7,646","7,285","8,744","3,244"
Iowa,"Creston, Iowa",,"1,785","1,420","1,933","3,281","3,745","3,797","3,843","5,017","4,314","4,621","4,531","4,229","4,803","2,308"
Iowa,"Fort Madison, Iowa",,"4,036","2,680","3,327","5,775","5,891","6,661","6,611","6,788","6,986","7,246","7,003","7,944","7,656","5,005"
Iowa,"Mount Pleasant, Iowa",,"6,730","4,507","5,929","10,492",,,,,,,,,,"6,423"
Iowa,"Mt. Pleasant, Iowa",,,,,,"12,584","13,736","13,504","11,644","12,030","12,613","13,634","13,034","16,063",
Iowa,"Osceola, Iowa",,"9,377","7,086","8,305","14,026","16,188","15,752","16,019","13,775","13,986","14,799","14,681","14,891","19,095","7,904"
Iowa,"Ottumwa, Iowa",,"6,799","5,001","6,661","10,322","11,043","12,209","12,155","11,058","11,109","11,735","11,674","10,497","12,383","5,404"
Kansas,"Dodge City, Kansas",,"3,519","2,187","3,112","5,324","5,289","5,208","4,895","5,048","5,300","5,149","5,174","5,149","4,847","1,792"
Kansas,"Garden City, Kansas",,"4,945","2,186","4,119","6,817","7,056","6,966","7,378","7,972","7,870","7,355","7,887","7,511","7,075","2,883"
Kansas,"Hutchinson, Kansas",,"2,637","1,797","2,661","4,059","4,415","4,294","4,691","4,925","5,312","5,303","5,239","5,185","4,519","1,774"
Kansas,"Lawrence, Kansas",,"5,331","2,752","4,973","8,389","8,362","9,834","8,465","8,319","8,017","7,204","6,608","6,410","5,096","1,666"
Kansas,"Newton, Kansas",,"10,978","6,949","8,618","13,764","15,218","15,828","13,741","13,010","12,871","14,564","14,131","13,890","13,926","6,549"
Kansas,"Topeka, Kansas",,"5,576","3,435","5,380","8,129","9,136","10,084","10,214","10,399","10,048","10,571","10,459","9,760","8,618","3,080"
Kentucky,"Ashland, Kentucky",,"1,350","1,165","1,210","1,965","2,157","2,419","2,358","2,581","2,784","3,007","2,999","2,820","2,771","1,259"
Kentucky,"Fulton, Kentucky",,"2,511","1,864","2,199","3,357","3,431","3,562","3,710","4,138","3,922","4,588","4,038","3,548","3,578","1,115"
Kentucky,"Louisville, Kentucky",,,,,,,,,,,,,,,50
Kentucky,"Maysville, Kentucky",,"1,527","1,174","1,475","1,993","2,024","2,214","2,309","2,279","2,316","2,411","2,507","1,817","1,933",892
Kentucky,"South Shore-South Portsmouth, Kentucky",,732,643,658,"1,052",875,"1,095","1,123","1,057",995,"1,010","1,037",856,"1,019",394
Louisiana,"Hammond, Louisiana",,"6,023","4,406","5,537","6,904","9,350","10,839","12,190","13,905","15,187","15,602","15,212","15,249","14,404","4,537"
Louisiana,"Lafayette, Louisiana",,"3,871","3,155","3,397","5,778","6,151","6,154","6,714","6,699","6,549","6,590","5,969","6,295","6,122",935
Louisiana,"Lake Charles, Louisiana",,"2,550","2,721","2,148","4,070","3,782","3,719","3,538","3,920","3,742","3,856","3,438","3,127","2,909",708
Louisiana,"New Iberia, Louisiana",,"1,178",929,926,"1,604","1,602","1,602","1,850","1,729","1,769","1,920","1,670","1,667","1,250",301
Louisiana,"New Orleans, Louisiana",,"99,672","70,092","84,767","151,977","181,544","189,189","183,018","189,456","201,476","212,426","222,828","210,465","200,249","73,520"
Louisiana,"Schriever, Louisiana",,933,678,710,"1,124","1,238","1,294","1,455","2,028","1,923","1,811","1,755","1,383","1,292",187
Louisiana,"Slidell, Louisiana",,"3,219","1,861","2,644","4,702","9,100","10,644","5,961","6,127","6,846","7,596","7,101","7,316","7,369","2,345"
Maine,"Brunswick, Maine",,"65,109","24,929","20,273","40,055","33,885","29,457","26,774","25,754","33,327","30,187",,,,
Maine,"Freeport, Maine",,"24,163","11,000","9,322","15,196","12,474","10,481","11,382","11,370","14,997","15,250",,,,
Maine,"Old Orchard Beach, Maine",,"18,730","12,868","2,012","15,603","15,572","15,731","15,684","9,943","16,814","17,764","17,389","14,553","14,182","3,662"
Maine,"Portland, Maine",,"145,776","68,841","73,223","157,542","178,661","171,257","168,027","133,210","178,460","190,353","214,713","208,979","180,465","58,670"
Maine,"Saco-Biddeford, Maine",,"45,887","21,797","25,879","49,650","48,095","42,082","43,292","37,561","47,817","50,043","50,112","47,920","40,922","10,745"
Maine,"Wells, Maine",,"42,513","21,919","24,680","57,636","56,898","68,752","48,790","48,674","50,510","52,448","55,503","52,728","48,473","14,375"
Maryland,"Aberdeen, Maryland",,"32,935","13,841","16,891","35,483","56,285","55,387","59,225","53,883","42,345","43,968","43,987","39,878","41,114","23,438"
Maryland,"Baltimore, Maryland",,"838,591","446,914","538,330","1,043,542","1,041,232","1,063,628","1,030,161","993,721","1,032,527","1,065,576","1,028,909","953,170","926,245","485,279"
Maryland,"BWI Thurgood Marshall Airport, Maryland",,"522,353","259,294","385,975","751,228","756,533","724,865","689,042",670,"692,268","710,513","703,604","662,453","654,151","291,606"
Maryland,"Cumberland, Maryland",,"8,350","5,117","6,347","10,371","11,019","11,858","11,628","11,493","11,760","11,835","10,963","11,465","12,492","3,556"
Maryland,"New Carrollton, Maryland",,"169,699","103,558","100,823","185,930","175,414","176,409","173,304","165,066","168,433","168,069","174,054","171,663","170,848","111,824"
Maryland,"Rockville, Maryland",,"4,058","2,325",,"5,421","5,162","5,605","5,561","4,883","5,338","5,024","4,213","4,015","3,798","1,175"
Massachusetts,"Amherst, Massachusetts",,,,,,,,,"4,206","14,124","13,357","12,945","12,238","14,600","4,464"
Massachusetts,"Boston-Back Bay, Massachusetts",,"606,967","322,928","355,279","720,147","683,016","626,003","611,527","578,403","566,892","540,770","528,040","479,951","445,074","632,173"
Massachusetts,"Boston-North Station, Massachusetts",,"346,610","152,370","219,491","459,082","464,988","448,483","424,600","358,286","433,060","475,447","473,912","456,198","418,993","117,358"
Massachusetts,"Boston-South Station, Massachusetts",,"1,216,560","679,333","793,113","1,585,216","1,553,953","1,567,627","1,574,450","1,544,169","1,491,095","1,434,148","1,447,501","1,360,162","1,311,205",
Massachusetts,"Framingham, Massachusetts",,"1,586",963,"1,083","1,792","1,961","1,954","1,892","1,963","2,154","2,674","2,320","2,205","2,131",896
Massachusetts,"Greenfield, Massachusetts",,"8,927","3,428","3,823","6,707","6,575","6,290","5,920","5,316",,,,,,
Massachusetts,"Haverhill, Massachusetts",,"23,156","12,467","22,579","44,511","42,637","44,827","44,510","34,857","38,481","44,660","41,530","39,070","36,460","6,886"
Massachusetts,"Holyoke, Massachusetts",,"2,423",630,774,"1,718","1,582","1,487","1,203",96,,,,,,
Massachusetts,"Northampton, Massachusetts",,"27,801","8,202","10,943","22,284","21,939","19,974","17,332","11,923",,,,,,
Massachusetts,"Pittsfield, Massachusetts",,"10,493","6,747","6,619","8,928","8,270","8,464","7,827","7,468","7,541","7,656","7,204","6,908","7,979","1,920"
Massachusetts,"Route 128 (Boston), Massachusetts",,"303,652","135,163","230,024","464,051","446,221","448,784","450,301","444,670","436,359","426,032","444,058","419,822","394,674","160,640"
Massachusetts,"Springfield, Massachusetts",,"112,712","62,879","72,024","125,433","101,394","89,629","93,650","124,580","135,243","141,947","143,605","157,724","130,790","54,162"
Massachusetts,"Woburn, Massachusetts",,"13,626","5,897","6,306","13,702","16,846","18,953","21,485","16,901","22,754","19,573","18,860","16,762","15,290","4,529"
Massachusetts,"Worcester, Massachusetts",,"5,068","4,196","4,564","6,508","6,157","6,665","6,152","7,237","8,439","9,552","8,900","8,402","7,398","3,179"
Michigan,"Albion, Michigan",,"1,890","1,231","1,344",447,883,"2,194","1,603","1,816","1,727","1,932","1,980","1,625","1,636",888
Michigan,"Ann Arbor, Michigan",,"122,757","46,746","77,886","156,462","158,101","146,613","129,186","143,130","144,120","158,717","144,707","148,911","140,735","64,904"
Michigan,"Bangor, Michigan",,"3,337","2,468","2,014","4,584","4,180","4,376","3,943","3,895","4,112","3,856","3,616","3,586","3,803","1,655"
Michigan,"Battle Creek, Michigan",,"24,581","16,716","21,026","40,170","41,757","42,301","38,623","42,894","46,624","49,203","50,511","50,732","52,057","23,221"
Michigan,"Birmingham, Michigan",,,,,,,,,934,"23,014","23,257","19,712","24,121","22,286","9,118"
Michigan,"Dearborn, Michigan",,"52,850","26,597","36,622","74,480","73,337","72,656","67,243","76,537","78,871","81,878","81,417","85,001","80,502","35,163"
Michigan,"Detroit, Michigan",,"54,304","29,663","39,252","72,059","66,143","62,128","50,993","61,497","62,827","70,626","66,571","69,085","67,971","28,585"
Michigan,"Dowagiac, Michigan",,"3,878","2,322","2,453","4,839","4,975","4,572","4,060","4,474","4,403","4,108","3,740","3,266","3,169",898
Michigan,"Durand, Michigan",,"9,535","5,942","6,863","13,622","13,738","12,947","12,699","13,577","15,067","14,295","12,912","12,250","10,198","3,402"
Michigan,"East Lansing, Michigan",,"59,224","32,574","38,070","69,210","69,359","69,599","66,313","65,355","66,402","66,398","68,147","68,554","59,812","20,168"
Michigan,"Flint, Michigan",,"23,026","17,689","15,926","27,881","28,205","28,844","29,785","32,197","35,669","36,045","37,764","37,557","30,261","11,222"
Michigan,"Grand Rapids, Michigan",,"40,753","24,928","21,236","40,593","40,508","39,376","38,782","44,249","47,874","51,993","56,832","55,545","52,273","25,240"
Michigan,"Greenfield Village, Michigan",,,,,,,,,,,,,,,322
Michigan,"Holland, Michigan",,"28,581","17,502","17,524","37,292","36,838","36,653","35,062","36,994","38,650","39,228","39,763","38,533","37,273","17,421"
Michigan,"Jackson, Michigan",,"15,319","7,823","11,741","23,639","23,700","23,373","22,762","26,674","27,114","31,481","29,987","32,106","28,506","12,639"
Michigan,"Kalamazoo, Michigan",,"73,613","37,097","57,958","114,056","122,115","115,231","110,662","117,997","120,920","129,858","125,212","118,474","113,061","44,646"
Michigan,"Lapeer, Michigan",,"6,831","4,232","4,940","9,008","8,948","9,406","9,396","9,527","10,774","9,997","9,940","9,309","8,152","2,815"
Michigan,"New Buffalo, Michigan",,"19,564","11,541","11,328","26,087","25,934","24,868","20,780","21,911","21,751","19,902","14,817","13,118","9,967",708
Michigan,"Niles, Michigan",,"13,056","7,031","9,047","16,586","17,440","17,526","16,556","19,095","20,413","21,306","19,915","20,246","18,488","8,366"
Michigan,"Pontiac, Michigan",,"12,013","5,921","8,139","15,299","14,135","13,346","13,051","15,876","16,141","16,813","16,307","16,066","15,981","7,336"
Michigan,"Port Huron, Michigan",,"10,177","5,148","8,123","18,482","19,822","20,741","20,504","23,979","29,275","29,461","26,696","24,015","17,580","5,088"
Michigan,"Royal Oak, Michigan",,"20,432","8,699","13,169","27,615","27,724","28,747","26,509","33,694","34,868","37,158","32,814","38,184","34,306","10,677"
Michigan,"St. Joseph/Benton Harbor, Michigan",,"11,741","7,931","6,717","14,668","14,824","14,006","12,651","11,976","12,426","11,366","10,981","10,680","9,999","3,697"
Michigan,"Troy, Michigan",,"25,769","10,313","17,928","36,450","32,550","29,070","23,714","22,384",,,,,,
Minnesota,"Detroit Lakes, Minnesota",,"3,123","2,410","3,150","4,697","4,877","4,667","5,290","4,383","4,225","5,103","4,602","3,917","4,792","1,707"
Minnesota,"Duluth, Minnesota",,,,,,,,,,,,,,,500
Minnesota,"Red Wing, Minnesota",,"4,878","3,802","4,695","7,959","8,263","8,557","8,390","8,004","7,587","9,525","10,289","8,956","10,691","4,544"
Minnesota,"St. Cloud, Minnesota",,"6,156","5,422","5,953","9,143","9,566","10,325","11,457","9,950","10,431","13,537","13,740","10,614","12,459","5,764"
Minnesota,"St. Paul-Minneapolis, Minnesota",,"59,815","42,662","48,359","90,961","85,627","92,271","96,539","92,090","94,077","116,991","120,515","116,785","128,658","67,507"
Minnesota,"Staples, Minnesota",,"5,363","4,339","4,050","6,014","5,723","5,676","6,120","5,238","5,624","6,359","7,931","5,961","5,157","2,613"
Minnesota,"Winona, Minnesota",,"9,282","7,192","8,378","13,199","14,711","17,595","18,893","18,966","20,318","23,507","24,458","23,928","27,124","10,590"
Mississippi,"Bay St. Louis, Mississippi",,,,,,,,,,,,,,,101
Mississippi,"Biloxi, Mississippi",,,,,,,,,,,,,,,310
Mississippi,"Brookhaven, Mississippi",,"2,542","2,037","2,449","2,809","4,004","4,131","4,252","5,172","5,178","4,900","4,635","5,019","5,241","1,955"
Mississippi,"Greenwood, Mississippi",,"9,293","7,511","8,385","12,306","13,907","14,471","15,053","15,294","15,065","15,730","15,648","15,151","16,455","5,095"
Mississippi,"Gulfport, Mississippi",,,,,,,,,,,,,,,387
Mississippi,"Hattiesburg, Mississippi",,"5,083","3,580","4,655","8,326","8,685","8,588","9,552","9,940","11,448","13,056","12,951","12,771","11,868","5,185"
Mississippi,"Hazlehurst, Mississippi",,956,816,875,"1,045","1,326","1,660","1,574","1,926","1,994","1,728","1,960","2,163","2,635",558
Mississippi,"Jackson, Mississippi",,"24,209","19,917","25,020","74,248","44,645","48,678","47,443","47,900","47,295","48,327","49,804","52,127","52,307","15,947"
Mississippi,"Laurel, Mississippi",,"2,054","1,474","2,035","3,715","3,924","3,614","3,575","3,650","4,487","5,264","5,484","5,603","5,647","1,813"
Mississippi,"Marks, Mississippi",,"2,904","1,804","1,871","2,542",,,,,,,,,,
Mississippi,"Marks, Mississippi",Service began 5/4/18,,,,,622,,,,,,,,,
Mississippi,"McComb, Mississippi",,"2,580","1,906","3,178","3,602","4,770","5,033","5,665","6,377","6,464","6,496","6,685","6,979","7,586","2,316"
Mississippi,"Meridian, Mississippi",,"4,674","3,478","4,860","9,173","9,090","9,417","10,179","10,863","11,275","11,500","12,120","12,989","13,923","5,981"
Mississippi,"Pascagoula, Mississippi",,,,,,,,,,,,,,,137
Mississippi,"Picayune, Mississippi",,"1,022",867,"1,128","1,738","2,119","2,363","2,458","2,223","2,517","2,992","2,971","3,253","2,858",736
Mississippi,"Yazoo City, Mississippi",,"2,290","1,835","2,130","3,158","3,185","3,587","3,811","3,784","3,764","3,772","3,323","3,626","3,869","1,300"
Missouri,"Arcadia, Missouri",,876,577,788,"1,144","1,018","1,137",0,,,,,,,
Missouri,"Hermann, Missouri",,"17,007","11,418","11,790","23,021","26,037","25,633","24,309","22,377","20,414","18,568","17,948","15,255","12,615","5,073"
Missouri,"Independence, Missouri",,"4,167","3,225","3,489","5,553","6,683","7,321","7,973","8,766","8,991","9,724","9,809","9,550","9,128","2,660"
Missouri,"Jefferson City, Missouri",,"25,190","18,360","20,616","34,757","39,395","40,269","40,847","43,720","49,608","50,598","50,282","48,993","49,371","20,591"
Missouri,"Kansas City, Missouri",,"110,232","65,461","82,590","153,527","154,170","160,824","153,717","153,770","157,000","164,859","161,130","155,479","142,769","58,907"
Missouri,"Kirkwood, Missouri",,"31,063","18,451","24,650","48,389","55,213","58,620","55,701","58,375","58,951","59,770","57,777","54,912","48,314","22,056"
Missouri,"La Plata, Missouri",,"6,870","4,344","6,184","11,487","11,124","11,876","11,877","11,676","10,655","10,031","9,820","10,786","10,990","4,109"
Missouri,"Leeâ€™s Summit, Missouri",,"17,215","11,634","13,979","24,151","26,811","27,402","26,838","28,831","29,396","31,074","30,299","27,647","26,139","10,122"
Missouri,"Poplar Bluff, Missouri",,"2,835","2,240","3,301","4,266","4,640","4,900","4,764","5,447","6,017","5,829","5,938","5,488","4,688","1,466"
Missouri,"Sedalia, Missouri",,"6,558","5,341","4,612","8,128","9,289","9,756","9,900","10,986","11,774","12,322","12,194","11,409","11,136","4,904"
Missouri,"St. Louis, Missouri",,"293,338","145,840","174,773","354,304","362,172","365,030","333,266","323,150","350,866","378,146","353,696","310,859","321,629","88,189"
Missouri,"Warrensburg, Missouri",,"6,103","4,836","6,135","10,703","12,046","13,144","13,812","15,656","18,450","17,189","16,074","14,352","13,402","5,026"
Missouri,"Washington, Missouri",,"9,210","5,722","7,191","12,917","15,890","16,112","15,753","15,875","15,604","15,898","14,289","13,775","13,211","5,096"
Montana,"Browning (winter only), Montana",,725,385,"1,044","1,255","1,334","1,644","1,576","1,576","1,784","2,003","2,171","1,834","1,884","1,284"
Montana,"Cut Bank, Montana",,"1,219",912,"1,204","2,071","2,396","2,544","2,547","2,144","2,353","2,920","3,236","2,985","3,363","1,169"
Montana,"East Glacier (summer only), Montana",,"9,528","10,949",836,"14,677","14,414","14,348","13,809","12,043","11,952","14,814","14,886","11,950","17,652","5,865"
Montana,"Essex, Montana",,"1,795","1,740","2,255","3,408","3,286","3,253","3,025","2,456","2,920","3,869","3,354","3,568","4,746","1,746"
Montana,"Glasgow, Montana",,"3,012","2,192","3,099","4,751","5,434","4,945","4,762","4,109","3,967","5,416","5,563","4,370","6,075","3,321"
Montana,"Havre, Montana",,"6,848","5,158","6,284","10,210","11,102","11,570","11,756","11,181","11,343","13,392","14,198","14,007","16,077","7,881"
Montana,"Libby, Montana",,"3,323","2,702","3,109","5,450","4,958","5,068","4,963","4,793","5,416","6,490","6,626","5,072","5,342","2,779"
Montana,"Malta, Montana",,"3,610","2,598","2,806","4,265","3,570","3,695","3,829","3,211","3,165","3,956","3,466","2,934","3,372","1,717"
Montana,"Shelby, Montana",,"5,989","4,027","4,964","9,130","10,387","10,887","10,823","11,399","11,984","14,459","15,501","13,358","16,534","7,118"
Montana,"West Glacier, Montana",,"4,413","3,909","2,196","5,888","4,891","5,495","6,261","5,761","5,013","6,434","6,175","5,018","7,895","2,416"
Montana,"Whitefish, Montana",,"37,597","30,060","34,919","55,642","55,473","57,093","54,842","47,548","52,012","66,840","66,614","57,823","66,813","31,038"
Montana,"Wolf Point, Montana",,"2,911","2,434","3,030","4,603","4,447","5,097","5,662","6,057","6,301","8,019","8,023","6,059","6,970","3,893"
Nebraska,"Hastings, Nebraska",,"3,240","2,165","2,967","4,757","5,304","5,214","5,104","5,433","5,601","5,865","5,358","4,839","4,765","1,947"
Nebraska,"Holdrege, Nebraska",,"1,014",805,879,"1,779","2,225","2,002","2,237","2,345","2,247","2,335","2,296","1,623","1,963",925
Nebraska,"Lincoln, Nebraska",,"8,860","5,967","8,805","14,884","3,278","15,964","14,726","15,384","13,313","13,160","12,468","11,756","11,779","5,292"
Nebraska,"Lincoln, Nebraska",Haymarket Station,,,,,"15,196",,,,,,,,,
Nebraska,"McCook, Nebraska",,"1,840","1,314","2,211","3,345",,"2,914","3,049","3,342","3,414","3,638","3,540","2,939","3,218","1,348"
Nebraska,"Omaha, Nebraska",,"17,023","11,957","14,975","24,909","27,524","29,599","30,041","26,797","24,336","24,410","22,794","20,668","23,212","12,640"
Nevada,"Elko, Nevada",,"4,894","3,807","5,885","8,360","8,656","7,219","7,550","8,050","9,436","9,657","8,278","7,125","6,835","2,166"
Nevada,"Reno, Nevada",,"47,136","30,088","48,294","75,397","72,134","76,725","70,339","56,696","70,142","78,827","68,626","69,257","69,236","24,148"
Nevada,"Sparks, Nevada",,,,,,,,,,,,,,,"10,456"
Nevada,"Sparks, Nevada (Train Stop)",,,,,,,,,,,,,,0,
Nevada,"Winnemucca, Nevada",,"3,007","2,400","3,409","5,203","4,525","4,146","4,050","3,617","5,060","4,481","4,238","3,441","3,558",928
New Hampshire,"Claremont, New Hampshire",,"2,394",569,"1,131","4,640","2,542","2,560","2,474","2,117","2,117","2,123","1,944","1,240","1,967",716
New Hampshire,"Dover, New Hampshire",,"43,622","20,667","29,803","127,500","63,921","59,060","52,457","46,834","55,144","61,708","63,896","59,091","57,241","14,574"
New Hampshire,"Durham-UNH, New Hampshire",,"43,299","19,016","31,476","114,080","57,703","58,804","63,046","52,898","58,894","60,978","55,721","53,087","54,777","17,621"
New Hampshire,"Exeter, New Hampshire",,"45,733","20,685","44,647","185,950","88,396","84,217","80,115","65,216","79,908","101,543","91,878","90,968","90,123","26,546"
New Jersey,"Metropark, New Jersey",,"225,661","109,117","183,954","380,914","367,726","369,088","366,994","364,805","381,178","383,353","393,713","396,902","388,371","180,400"
New Jersey,"New Brunswick, New Jersey",,"21,937","11,289","2,193","4,466","6,067","7,392","7,857","8,365","8,898","9,052","8,470","6,678","6,609","70,325"
New Jersey,"Newark Airport, New Jersey",,"124,197","52,945","74,403","164,470","168,581","150,054","661,344","641,346","111,919","129,565","126,705","120,428","116,526","37,033"
New Jersey,"Newark, New Jersey",,"495,422","284,343","367,861","731,146","702,182","682,020","138,785","138,724","677,175","656,822","680,803","683,626","658,089","605,527"
New Jersey,"Princeton Junction, New Jersey",,"51,957","17,193","15,118","31,809","35,418","40,550","42,226","41,610","44,007","45,685","40,947","39,573","40,692","362,846"
New Jersey,"Trenton, New Jersey",,"254,694","121,909","211,156","439,564","434,489","435,900","433,918","412,267","419,477","425,075","419,446","424,068","420,533","439,730"
New Mexico,"Albuquerque, New Mexico",,"41,692","25,821","38,315","67,354","65,539","75,926","77,209","79,078","77,021","78,126","78,324","75,779","71,848","31,699"
New Mexico,"Deming, New Mexico",,"1,085",989,828,"1,295","1,388","1,469","1,452","1,453","1,338","1,382","1,170","1,047",869,289
New Mexico,"Gallup, New Mexico",,"9,138","5,084","8,504","15,739","14,775","15,739","15,795","16,354","16,140","15,647","16,446","14,433","13,431","5,181"
New Mexico,"Lamy (Santa Fe), New Mexico",,"6,115","3,771","4,895","9,064","9,731",,,,,,,,,
New Mexico,"Lamy, New Mexico",,,,,,,"10,768","11,373","12,390","11,655","12,551","12,589","12,579","13,056","6,561"
New Mexico,"Las Vegas, New Mexico",,"3,051","1,830","3,054","4,648","4,630","4,487","4,851","5,345","5,047","5,376","5,653","4,952","4,491","1,576"
New Mexico,"Lordsburg, New Mexico",,661,519,455,624,733,742,579,842,729,736,483,510,472,117
New Mexico,"Raton, New Mexico",,"6,133","8,472","6,121","18,062","7,392","15,122","16,502","17,686","15,875","15,733","16,292","16,794","18,025","9,870"
New York,"Albany-Rensselaer, New York",,"640,353","379,209","450,965","806,960","800,368","803,348","855,176","825,353","781,597","764,898","769,413","769,626","737,259","366,946"
New York,"Amsterdam, New York",,"11,900","9,139","7,909","11,183","9,676","10,475","10,410","11,155","11,119","10,694","9,197","8,682","9,174","3,139"
New York,"Buffalo-Depew, New York",,"96,049","57,994","60,926","107,780","107,251","106,815","108,111","116,496","126,250","123,067","126,466","120,631","111,513","38,608"
New York,"Buffalo-Exchange Street, New York",,"47,884","34,004","29,135","43,384","38,739","35,528","37,960","41,584","41,222","38,397","36,183","34,384","30,171","7,751"
New York,"Croton-Harmon, New York",,"40,834","22,123","25,891","46,403","44,932","46,057","45,685","48,773","50,321","48,694","45,578","42,562","41,570","17,419"
New York,"Fort Edward, New York",,"6,096","1,738","3,394","9,365","9,353","9,917","10,199","9,616","9,197","9,435","9,891","8,867","8,504","2,956"
New York,"Fort Ticonderoga, New York",,,,557,"2,008","1,660",,,,,,,,,729
New York,"Hudson, New York",,"208,302","145,187","131,357","237,268","216,988","217,970","205,919","196,786","187,776","174,968","167,286","156,189","150,197","73,537"
New York,"New Rochelle, New York",,"92,929","52,410","51,730","96,057","91,416","91,058","87,510","85,876","83,707","81,757","84,777","79,264","78,876","33,737"
New York,"New York (Grand Central), New York","Empire trains diverted to Grand Central during summer track work program at Penn, 5/26/18 through 9/3/19.",,,,,"376,459","23,838",,,,,,,,
New York,"New York City (Penn Station), New York",,"8,008,700","4,061,379","5,432,851","10,811,323","10,132,025","10,397,729","10,436,909","10,189,521","10,024,474","9,556,424","9,493,414","8,995,551","8,377,944","4,264,625"
New York,"New York State Fair, New York",,,967,,,,,,,,,,,,420
New York,"Niagara Falls, New York",,"31,689","20,245","15,983","34,965","31,398","31,169","29,647","31,831","32,636","32,549","32,598","28,943","27,270","11,146"
New York,"Plattsburgh, New York",,,,"5,854","13,386","13,506","13,711","13,423","13,989","13,458","13,405","12,632","12,401","11,863","5,260"
New York,"Port Henry, New York",,,,"1,291","2,846","2,442","2,488","2,395","2,472","2,163","2,302","2,264","2,160","1,764",688
New York,"Port Kent, New York",,,,0,402,380,657,565,727,681,847,848,692,909,151
New York,"Poughkeepsie, New York",,"111,135","66,403","65,910","109,877","97,169","102,070","101,536","100,791","98,516","95,083","88,354","84,236","75,775","26,270"
New York,"Rhinecliff, New York",,"171,567","104,407","110,703","211,139","201,316","201,667","202,406","194,477","186,273","184,452","177,375","163,205","158,534","84,492"
New York,"Rochester, New York",,"119,797","77,964","83,655","132,434","130,306","127,203","124,901","136,816","139,691","141,576","144,703","140,222","128,935","37,666"
New York,"Rome, New York",,"8,496","6,228","5,426","6,924",,"8,580","9,208","9,972","9,743","9,788","9,315","9,190","9,100","3,108"
New York,"Rome, New York","Rome station closed from 7/4/18 due to ceiling collapse in tennel leading to plaform. The station reopened 12/17/18, during FY19.",,,,,"6,146",,,,,,,,,
New York,"Rouses Point, New York",,,,540,"1,454","1,255","1,253","1,276","1,208","1,257","1,205","1,353","1,498","1,287",743
New York,"Saratoga Springs, New York",,"22,710","4,753","16,543","41,611","38,170","36,835","37,068","36,299","33,814","33,139","32,513","29,742","30,261","13,586"
New York,"Schenectady, New York",,"50,041","34,225","40,006","62,180","50,950","54,388","56,257","58,551","60,677","61,803","60,811","58,127","56,125","21,362"
New York,"Syracuse, New York",,"124,000","78,673","82,067","131,515","131,487","131,881","128,476","141,396","152,222","154,903","152,957","155,683","139,175","47,693"
New York,"Ticonderoga, New York",,,,,,,"1,770","2,262","2,324","2,075","2,227","1,996","1,627","1,703",
New York,"Utica, New York",,"61,180","39,834","42,319","63,968","60,330","59,868","59,170","61,145","65,022","67,213","65,916","63,673","61,108","21,830"
New York,"Westport, New York",,,,"1,467","4,733","2,626","5,699","5,693","5,097","4,977","5,072","4,751","4,520","5,230","2,118"
New York,"Whitehall, New York",,,,648,"1,893","1,653","1,638","1,776","1,866","1,595","1,329","1,537","1,655","1,739",739
New York,"Yonkers, New York",,"34,717","23,839","21,390","32,109","28,223","27,009","25,322","26,127","24,760","24,227","22,187","20,987","20,433","7,681"
North Carolina,"Burlington, North Carolina",,"20,404","12,573","12,596","23,718","21,886","21,404","23,570","24,781","25,934","25,452","25,851","22,476","18,790","4,700"
North Carolina,"Cary, North Carolina",,"74,995","33,569","41,755","85,392","82,212","81,685","84,995","88,616","87,548","88,669","78,278","44,962","38,934","7,659"
North Carolina,"Charlotte, North Carolina",,"196,233","104,735","112,315","192,143","172,226","168,144","178,749","184,911","194,115","201,481","193,144","181,566","162,905","54,170"
North Carolina,"Durham, North Carolina",,"80,643","42,927","46,126","82,935","75,210","71,924","73,607","80,013","83,090","83,232","79,292","74,783","65,192","17,498"
North Carolina,"Fayetteville, North Carolina",,"32,332","29,667","31,344","47,975","50,846","49,976","54,899","57,171","54,524","53,590","53,510","55,758","51,947","18,277"
North Carolina,"Gastonia, North Carolina",,"1,213",730,909,"1,480","1,251","1,345","1,330","1,508","1,463","1,741","1,565","1,664","1,622",866
North Carolina,"Greensboro, North Carolina",,"114,046","66,808","75,378","127,007","118,176","111,187","113,638","123,080","134,191","139,869","134,888","124,396","105,671","29,373"
North Carolina,"Hamlet, North Carolina",,"3,798","2,175","2,526","4,165","4,005","4,376","4,698","4,944","4,744","4,882","4,826","4,820","4,996","2,031"
North Carolina,"High Point, North Carolina",,"27,128","16,442","18,646","32,172","31,011","30,818","33,570","37,225","38,573","40,302","38,358","33,744","30,972","7,281"
North Carolina,"Kannapolis, North Carolina",,"21,022","11,072","11,809","20,455","18,858","18,043","18,375","18,713","18,292","19,205","18,748","16,951","14,579","3,665"
North Carolina,"Lexington, North Carolina (Special Stop)",,,,,,,,,,,,,,,85
North Carolina,"North Carolina State Fair, North Carolina",,,,,,,,,,,,,,,"1,710"
North Carolina,"Raleigh, North Carolina",,"171,091","93,417","96,337","172,106","157,153","150,919","155,191","159,784","161,342","159,584","163,698","192,434","164,745","57,457"
North Carolina,"Rocky Mount, North Carolina",,"38,092","30,529","30,139","50,861","51,341","52,343","53,934","54,331","52,848","52,631","53,779","56,400","52,959","28,325"
North Carolina,"Salisbury, North Carolina",,"17,903","10,189","12,511","21,771","20,693","22,148","21,705","26,061","29,338","31,539","27,606","26,109","27,182","8,291"
North Carolina,"Selma-Smithfield, North Carolina",,"11,403","7,720","7,567","11,804","12,930","13,724","13,132","13,597","13,401","13,222","13,388","13,248","12,256","4,024"
North Carolina,"Southern Pines, North Carolina",,"6,267","2,801","4,088","7,351","6,925","7,065","7,112","7,567","7,210","7,554","7,092","7,234","6,392","2,090"
North Carolina,"Wilson, North Carolina",,"46,436","33,805","32,449","50,523","54,110","55,579","57,787","62,404","57,969","52,692","44,158","43,845","44,054","14,939"
North Dakota,"Devils Lake, North Dakota",,"2,803","2,287","2,560","4,128","4,217","4,506","4,223","3,512","3,555","5,142","5,505","4,569","6,148","3,017"
North Dakota,"Fargo, North Dakota",,"14,723","10,510","12,408","18,556","18,695","20,232","21,586","22,939","23,314","22,497","20,304","16,968","21,286","9,191"
North Dakota,"Grand Forks, North Dakota",,"8,181","5,618","7,674","12,807","13,346","13,891","13,882","12,139","14,168","19,422","20,271","17,201","19,751","8,918"
North Dakota,"Minot, North Dakota",,"16,529","11,591","16,469","27,281","29,854","30,405","29,829","32,108","35,521","41,615","37,169","29,179","40,360","16,816"
North Dakota,"Rugby, North Dakota",,"2,114","1,676","2,293","3,968","4,102","4,027","4,161","4,254","4,053","5,637","7,057","6,106","6,409","3,122"
North Dakota,"Stanley, North Dakota",,"2,080","1,739","2,960","4,463","4,297","4,594","5,133","6,514","7,036","9,411","10,234","6,146","4,549","1,273"
North Dakota,"Williston, North Dakota",,"14,279","11,529","17,889","29,916","29,013","26,195","28,062","38,621","44,013","51,076","54,324","29,920","24,586","9,810"
Ohio,"Akron, Ohio",,,,,,,,,,,,,,,"1,333"
Ohio,"Alliance, Ohio",,"3,132","2,040","2,529","4,309","4,501","5,020","5,191","4,714","4,691","4,538","4,373","3,824","3,641","1,445"
Ohio,"Bryan, Ohio",,"4,262","2,808","3,252","5,109","5,218","5,825","5,787","5,608","6,597","6,693","7,664","6,647","6,562","3,250"
Ohio,"Cincinnati, Ohio",,"8,374","7,164","5,451","8,641","8,482","11,382","12,481","12,503","13,681","15,213","16,209","15,451","14,228","6,415"
Ohio,"Cleveland, Ohio",,"48,887","32,263","32,704","49,195","48,964","53,528","47,757","46,514","49,327","50,940","50,825","46,416","44,075","16,382"
Ohio,"Elyria, Ohio",,"6,697","4,578","5,098","5,828","7,275","7,104","6,018","6,578","6,721","6,548","6,408","5,062","4,862","1,395"
Ohio,"Fostoria, Ohio",,,,,,,,,,,,,,,334
Ohio,"Hamilton, Ohio",,,,,,,,,,,,,,,676
Ohio,"Sandusky, Ohio",,"8,400","5,164","5,360","8,821","9,138","10,009","9,593","8,853","9,840","9,591","9,155","8,881","7,826","2,340"
Ohio,"Toledo, Ohio",,"45,212","28,045","31,735","50,192","51,400","56,275","55,536","58,592","63,272","68,463","69,275","66,413","65,667","28,153"
Ohio,"Youngstown, Ohio",,,,,,,,,,,,,,,829
Oklahoma,"Ardmore, Oklahoma",,"4,871","4,110","4,435","6,614","6,918","7,287","7,218","7,967","9,053","9,729","10,278","9,941","9,324","5,196"
Oklahoma,"Guthrie, Oklahoma",,,,,,,,,,,,,,,49
Oklahoma,"Norman, Oklahoma",,"10,622","6,751","6,951","12,601","12,469","13,039","11,748","11,781","13,978","13,902","15,207","14,364","14,119","6,054"
Oklahoma,"Oklahoma City, Oklahoma",,"42,793","29,902","28,761","45,040","45,250","47,644","44,551","45,691","52,099","54,952","59,212","56,368","55,230","21,572"
Oklahoma,"Pauls Valley, Oklahoma",,"2,285","1,962","2,314","4,282","4,065","4,740","4,321","4,535","5,891","5,360","5,706","6,067","5,777","3,142"
Oklahoma,"Purcell, Oklahoma",,"1,337",908,"1,047","1,885","1,635","1,860","1,693","1,960","1,834","2,431","2,137","2,152","2,263","1,157"
Oregon,"Albany, Oregon",,"26,256","13,918","19,082","32,856","30,782","33,933","33,656","32,503","35,100","40,208","39,682","38,693","38,359","12,469"
Oregon,"Chemult, Oregon",,"2,618","2,642","5,455","9,067","9,084","10,457","10,387","9,821","9,839","10,144","10,304","9,766","9,098","4,120"
Oregon,"Coos Bay, Oregon",,,,,,,,,,,,,,,0
Oregon,"Eugene, Oregon",,"70,980","35,570","50,005","85,770","89,279","93,167","93,182","98,523","102,214","118,006","118,087","112,528","110,633","44,245"
Oregon,"Klamath Falls, Oregon",,"20,627","21,482","19,581","29,005","36,368","31,380","33,701","30,713","32,544","33,929","32,881","31,921","31,786","13,787"
Oregon,"Oregon City, Oregon",,"11,685","5,262","6,905","13,456","11,382","13,678","14,858","13,080","14,046","9,937","10,605","9,165","8,978","3,093"
Oregon,"Portland, Oregon",,"375,071","187,314","280,316","585,344","576,339","597,127","590,076","561,596","585,828","652,455","668,823","665,677","672,608","240,918"
Oregon,"Salem, Oregon",,"39,701","22,168","33,141","56,569","55,448","63,311","61,226","57,565","60,579","71,618","66,148","66,761","61,907","24,199"
Pennsylvania,"Altoona, Pennsylvania",,"15,142","10,281","10,892","18,689","19,574","21,705","22,164","25,175","26,506","26,025","26,978","25,800","25,185","10,095"
Pennsylvania,"Ardmore, Pennsylvania",,"38,570","14,262","34,001","68,617","63,923","66,497","68,274","61,587","56,943","67,942","59,589","53,363","53,245","20,340"
Pennsylvania,"Coatesville, Pennsylvania",,"9,129","8,106","9,186","14,312","16,577","17,770","15,527","14,532","15,566","16,626","16,493","14,981","14,382","3,132"
Pennsylvania,"Connellsville, Pennsylvania",,"3,337","1,986","2,656","4,864","4,407","4,762","5,002","4,871","4,925","4,815","4,612","4,382","4,754","1,696"
Pennsylvania,"Cornwells Heights, Pennsylvania",,"1,342",234,"1,054","3,103","3,673","3,073","2,966","2,271","2,093","3,215","3,580","3,278","4,890","12,436"
Pennsylvania,"Downingtown, Pennsylvania",,"32,653","16,719","38,891","81,326","81,518","87,443","77,574","61,442","60,105","68,918","65,345","64,535","59,129","13,419"
Pennsylvania,"Elizabethtown, Pennsylvania",,"39,359","22,232","46,517","100,505","100,019","101,246","106,151","109,834","108,722","123,153","112,198","99,063","95,096","24,489"
Pennsylvania,"Erie, Pennsylvania",,"13,389","9,001","10,175","15,573","14,974","16,766","16,273","16,633","18,312","18,108","17,794","15,859","14,833","4,224"
Pennsylvania,"Exton, Pennsylvania",,"66,931","27,159","70,003","146,447","143,852","151,346","135,476","113,974","107,015","113,499","109,980","101,823","91,093","20,605"
Pennsylvania,"Greensburg, Pennsylvania",,"8,367","4,900","6,578","12,645","12,643","13,634","13,552","14,773","15,023","14,248","13,395","13,097","14,000","5,064"
Pennsylvania,"Harrisburg, Pennsylvania",,"258,937","161,432","267,349","520,988","512,642","504,192","508,624","508,685","498,995","571,940","571,217","543,423","547,257","171,340"
Pennsylvania,"Huntingdon, Pennsylvania",,"4,318","2,566","3,337","5,722","5,766","5,673","6,039","6,616","6,801","6,392","5,837","5,975","5,794","2,315"
Pennsylvania,"Johnstown, Pennsylvania",,"15,009","13,966","12,265","18,848","19,621","21,916","22,184","24,310","23,292","23,615","23,964","23,573","22,779","7,585"
Pennsylvania,"Lancaster, Pennsylvania",,"305,698","179,294","298,202","577,305","567,919","556,836","560,257","541,252","529,409","578,731","559,364","539,338","514,971","166,827"
Pennsylvania,"Latrobe, Pennsylvania",,"2,706","1,608","2,293","4,523","4,068","4,246","4,538","4,850","4,631","4,447","4,669","4,384","4,118","1,463"
Pennsylvania,"Lewistown, Pennsylvania",,"8,287","5,016","4,706","8,249","8,676","9,147","9,514","9,125","9,375","9,102","8,315","8,200","9,238","3,563"
Pennsylvania,"Middletown, Pennsylvania",,"38,263","16,961","33,404","67,722","68,022","68,132","68,005","68,484","67,475","81,030","73,538","66,302","64,354","13,372"
Pennsylvania,"Mount Joy, Pennsylvania",,"18,187","9,148","26,004","47,960","45,813","46,101","50,751","50,664","46,391","69,848","69,025","62,582","59,650","13,294"
Pennsylvania,"North Philadelphia, Pennsylvania",,"1,323",,,,,,,,,,,,,
Pennsylvania,"Paoli, Pennsylvania",,"105,375","41,486","125,104","258,214","233,816","218,311","201,572","176,474","170,669","175,299","167,561","161,791","153,154","35,975"
Pennsylvania,"Parkesburg, Pennsylvania",,"17,228","10,179","23,244","46,652","44,445","44,568","46,950","48,563","49,642","55,290","51,296","48,951","48,784","12,221"
Pennsylvania,"Philadelphia William H. Gray III 30th Street, Pennsylvania",,"3,058,329","1,500,043","2,261,194","4,503,055","4,471,992","4,411,662","4,328,718","4,138,777","4,083,704","4,125,503","4,068,540","3,872,392","3,787,331","1,868,800"
Pennsylvania,"Philadelphia-North, Pennsylvania",,,,917,"1,968","2,006","1,037","1,221",832,644,590,294,389,345,762
Pennsylvania,"Pittsburgh, Pennsylvania",,"117,966","71,015","75,813","129,946","138,686","145,362","145,910","149,587","149,224","135,137","129,372","133,855","136,333","55,680"
Pennsylvania,"Tyrone, Pennsylvania",,"2,371","1,595","1,500","2,588","2,826","3,050","3,068","3,324","3,346","3,215","3,108","2,923","3,322",717
Rhode Island,"Kingston, Rhode Island",,"146,288","79,506","81,369","174,747","170,394","164,263","161,157","157,547","154,497","152,403","162,837","154,237","151,954","62,521"
Rhode Island,"Providence, Rhode Island",,"569,195","303,528","389,627","767,195","766,492","745,703","717,537","690,752","665,670","660,267","669,576","625,995","602,474","242,088"
Rhode Island,"Westerly, Rhode Island",,"41,293","26,722","19,113","45,379","44,398","43,670","42,560","40,916","39,299","39,186","42,023","41,335","38,589","13,567"
South Carolina,"Camden, South Carolina",,"2,733","1,600","1,934","3,436","3,161","3,531","3,483","3,563","3,264","3,584","3,699","3,923","3,588","1,566"
South Carolina,"Charleston, South Carolina",,"37,461","31,831","37,227","59,930",,"66,759","63,880","71,190","75,499","82,147","84,956","81,180","79,806","25,248"
South Carolina,"Charleston, South Carolina",Closed 5/23/16 for adjacent highway project; Amtrak expects to resume service when the project is complete.,,,,,"61,710",,,,,,,,,
South Carolina,"Clemson, South Carolina",,"2,868","1,679","2,259",,0,0,"3,127","4,977","4,987","5,597","5,807","6,466","6,941","2,396"
South Carolina,"Clemson*, South Carolina",,,,,481,,,,,,,,,,
South Carolina,"Columbia, South Carolina",,"25,035","13,148","17,145","30,870","29,805","32,695","32,234","33,543","35,222","36,349","37,577","36,786","36,297","15,400"
South Carolina,"Denmark, South Carolina",,"2,727","1,702","1,887","3,126","3,230","3,604","3,486","3,823","4,094","4,364","4,254","4,344","4,485","2,198"
South Carolina,"Dillon, South Carolina",,"3,996","3,071","3,435","5,420","5,841","6,692","7,573","8,037","8,601","9,456","8,745","9,490","8,463","2,341"
South Carolina,"Florence, South Carolina",,"22,571","20,475","23,851","39,726","40,465","43,304","46,930","50,606","50,018","52,003","52,178","49,569","47,344","16,691"
South Carolina,"Greenville, South Carolina",,"6,784","4,555","6,103","12,397","12,172","14,135","11,935","11,913","13,478","12,021","12,565","17,366","17,490","6,142"
South Carolina,"Kingstree, South Carolina",,"5,310","5,520","6,101","10,538","10,450","11,187","12,135","13,849","13,684","14,669","14,812","13,539","14,153","5,274"
South Carolina,"Spartanburg, South Carolina",,"2,699","1,802","2,310","3,711","3,870","3,548","3,777","4,143","4,451","4,545","4,452","4,469","4,955","2,189"
South Carolina,"Yemassee, South Carolina",,"5,006","5,085","5,710","9,428","9,740","10,451","10,789","12,340","12,437","14,915","14,624","13,748","13,516","4,571"
Tennessee,"Memphis, Tennessee",,"38,891","25,332","32,662","61,193","71,311","73,637","72,127","72,044","69,946","76,171","73,116","65,769","62,915","23,317"
Tennessee,"Newbern-Dyersberg, Tennessee",,"2,465","1,792","2,223","3,208","3,557","3,788","3,690","3,900","3,927","4,192","4,039","3,960","3,504","1,218"
Texas,"Alpine, Texas",,"3,593","3,039","3,010","5,242","5,311","4,999","4,943","4,969","4,756","4,921","4,416","4,322","3,862",798
Texas,"Austin, Texas",,"26,665","15,443","18,073","29,525","34,009","34,513","31,088","33,195","32,951","38,929","41,638","39,167","31,968","10,754"
Texas,"Beaumont, Texas",,"2,251","1,988","1,885","3,651","3,641","3,377","3,344","3,265","3,412","3,458","2,724","2,401","2,135",539
Texas,"Cleburne, Texas",,"2,945","1,842","2,397","3,747","3,929","3,890","3,830","3,612","3,322","4,143","4,536","3,590","3,130",915
Texas,"Dallas, Texas",,"40,197","23,202","27,272","44,238","46,453","47,488","42,118","45,132","50,180","56,564","55,764","54,498","47,053","17,977"
Texas,"Del Rio, Texas",,"2,328","1,751",883,"1,650","1,695","1,764","1,939","1,960","2,385","2,443","2,175","2,242","1,881",623
Texas,"El Paso, Texas",,"11,896","8,554","8,896","14,362","14,267","14,922","14,584","13,915","13,272","13,093","12,329","11,470","10,415","4,950"
Texas,"Fort Worth, Texas",,"93,181","59,393","64,785","107,732","108,675","114,231","103,874","109,507","129,438","129,389","141,696","128,894","118,199","42,498"
Texas,"Gainesville, Texas",,"5,084","3,652","3,943","6,534","6,658","6,328","6,337","7,132","7,178","6,476","8,055","8,099","8,603","4,557"
Texas,"Galveston, Texas",,,,,,,,,,,,,,,40
Texas,"Houston, Texas",,"15,833","12,824","11,616","20,460","20,205","19,786","19,767","20,620","20,603","21,617","20,327","19,637","18,351","6,096"
Texas,"Longview, Texas",,"23,412","14,802","18,882","28,836","34,768","33,936","29,448","32,278","38,365","41,305","49,126","35,469","34,033","12,664"
Texas,"Marshall, Texas",,"5,279","3,119","4,305","6,694","8,371","8,404","8,005","9,390","10,184","10,555","10,025","9,021","8,709","3,147"
Texas,"McGregor, Texas",,"3,344","2,296","2,890","5,365","5,061","5,124","5,194","4,834","4,328","5,209","4,988","4,644","4,240","1,136"
Texas,"Mineola, Texas",,"4,859","2,761","3,646","7,438","6,423","7,156","6,110","6,423","6,776","7,213","6,956","7,165","6,568","1,809"
Texas,"San Antonio, Texas",,"45,419","29,345","29,235","50,272","53,434","57,048","52,960","55,627","62,002","68,268","70,161","67,168","58,131","22,723"
Texas,"San Marcos, Texas",,"6,130","3,430","4,415","7,553","7,663","8,380","6,799","7,568","6,830","7,995","7,294","6,555","5,283","1,807"
Texas,"Sanderson, Texas",,198,153,151,225,269,193,184,316,238,261,255,344,216,69
Texas,"Taylor, Texas",,"3,570","2,173","2,988","4,978","5,453","5,484","5,437","4,798","4,797","5,425","4,979","4,752","4,551","1,880"
Texas,"Temple, Texas",,"10,116","6,533","8,931","15,371","15,330","16,461","15,535","16,023","15,390","17,690","17,856","16,471","15,426","5,158"
Utah,"Green River, Utah",,"1,579","1,744","1,401","2,634","2,605","2,235","2,589","2,270","2,770","2,873","2,478","2,367","2,825",709
Utah,"Helper, Utah",,"1,524","1,244","1,311","2,501","2,261","2,132","2,145","2,092","2,034","2,245","2,201","2,088","1,808",698
Utah,"Provo, Utah",,"4,185","3,416","3,199","5,634","5,120","5,095","5,537","4,403","5,299","6,262","5,675","4,996","5,133","1,629"
Utah,"Salt Lake City, Utah",,"26,821","21,642","24,863","46,408","45,194","40,163","41,108","37,316","41,367","43,903","42,502","38,571","38,773","12,996"
Vermont,"Bellows Falls, Vermont",,"3,840",895,"2,099","4,776","4,488","4,752","4,543","4,828","5,463","4,774","4,620","4,364","4,652","1,289"
Vermont,"Brattleboro, Vermont",,"13,850","3,341","7,844","16,765","16,933","16,702","16,434","18,963","20,125","18,661","17,410","15,223","15,479","3,991"
Vermont,"Burlington (Union Station), VT",,"3,737",,,,,,,,,,,,,
Vermont,"Castleton, Vermont",,"3,585",708,"1,929","3,995","4,221","4,198","4,484","4,587","4,404","4,211","3,649","3,144","1,733",
Vermont,"Essex Junction, Vermont",,"17,412","4,091","11,070","21,029","20,649","19,893","18,964","21,315","21,883","20,579","20,706","21,798","22,857","3,317"
Vermont,"Fair Haven, Vermont",,,,,,,,,,,,,,827,598
Vermont,"Ferrisburgh-Vergennes, Vermont",,633,,,,,,,,,,,,,
Vermont,"Middlebury (Amtrak Station), VT",,"1,656",,,,,,,,,,,,,
Vermont,"Montpelier, Vermont",,"6,292","1,609","3,791","7,909","7,978","8,186","7,789","8,818","8,600","8,081","7,372","7,031","7,497","1,938"
Vermont,"Randolph, Vermont",,"2,014",463,984,"2,053","1,842","1,833","1,940","2,073","2,302","2,009","2,004","1,897","1,860",570
Vermont,"Rutland, Vermont",,"10,990","2,415","6,706","12,566","14,097","14,267","14,336","16,539","16,879","16,815","16,776","15,848","16,235","6,307"
Vermont,"St. Albans, Vermont",,"3,621","1,081","1,735","3,733","3,726","3,742","3,382","4,096","4,401","3,592","3,345","3,023","3,481","1,960"
Vermont,"Waterbury, Vermont",,"4,423","1,005","2,775","5,377","5,179","5,830","5,397","5,891","6,617","5,501","5,005","4,818","5,129","1,291"
Vermont,"White River Junction, Vermont",,"12,310","3,132","5,934","13,513","13,864","13,554","13,988","14,810","16,257","15,480","15,125","14,109","16,352","5,647"
Vermont,"Windsor, Vermont",,"1,195",358,566,"1,198","1,272","1,200","1,165","1,208","1,197","1,126",962,687,"1,154",266
Virginia,"Alexandria, Virginia",,"211,971","100,838","112,231","201,535","188,961","200,373","190,185","186,841","180,409","180,063","169,746","161,687","139,837","41,383"
Virginia,"Ashland, Virginia",,"21,894","8,617","15,585","29,924","29,077","30,892","28,075","28,141","27,977","28,421","24,041","22,359","19,163","6,845"
Virginia,"Burke Centre, Virginia",,"12,786","5,594","5,688","9,062","7,497","9,939","9,101","7,241","5,535","4,950","4,099","2,967","1,156",
Virginia,"Charlottesville, Virginia",,"125,270","64,196","74,885","136,786","133,936","145,140","141,827","134,485","132,410","131,127","127,524","111,602","91,707","22,161"
Virginia,"Clifton Forge, Virginia",,"1,475","1,108","1,156","2,190","1,951","2,339","2,401","2,247","2,432","2,750","2,879","3,060","3,022","1,793"
Virginia,"Culpeper, Virginia",,"13,816","7,982","9,119","16,285","14,509","15,498","15,088","14,508","14,257","13,677","12,608","10,930","8,848","1,707"
Virginia,"Danville, Virginia",,"5,765","3,743","4,869","7,535","6,934","6,575","7,209","7,736","7,741","9,697","8,228","9,024","8,658","1,810"
Virginia,"Franconia-Springfield, Virginia",,,,,,,,,,,,,,"2,103",229
Virginia,"Fredericksburg, Virginia",,"72,354","41,297","40,873","67,540","97,549","119,065","120,275","117,423","111,999","106,034","80,320","71,110","56,427","16,825"
Virginia,"Lorton (Auto Train), Virginia",,"269,381","197,708","163,468","236,035","224,812","228,943","238,448","271,622","274,445","265,274","264,096","259,944","244,252","108,434"
Virginia,"Lynchburg, Virginia",,"48,326","28,459","31,361","54,632","58,160","82,251","82,786","84,975","86,302","93,337","86,498","76,179","58,348","8,498"
Virginia,"Manassas, Virginia",,"28,823","15,010","15,528","26,234","30,340","28,619","27,597","28,220","29,104","29,070","23,923","20,264","16,239","3,774"
Virginia,"Newport News, Virginia",,"70,645","71,856","52,175","95,510","99,920","106,692","107,894","115,440","112,661","128,317","136,369","122,438","116,229","46,397"
Virginia,"Norfolk, Virginia",,"129,791","63,205","53,853","64,505","47,243","47,493","44,316","44,852","41,843","39,181",,,,
Virginia,"Petersburg, Virginia",,"33,311","21,476","22,020","32,834","31,563","30,801","30,060","29,892","29,383","27,988","22,387","22,065","22,148","8,688"
Virginia,"Quantico, Virginia",,"16,174","9,546","11,057","20,106","31,078","24,036","25,474","32,754","36,976","38,211","35,970","31,311","23,560","5,873"
Virginia,"Richmond - Main Street, Virginia",,"74,794","41,687","30,125","50,157","48,384","46,354","42,702","45,062","40,834","38,512","35,002","32,628","27,520","5,805"
Virginia,"Richmond - Staples Mill, Virginia",,"303,204","152,312","201,624","361,191","346,642","373,832","356,189","361,996","358,615","372,592","345,657","320,239","266,343","125,707"
Virginia,"Roanoke, Virginia",,"66,721","34,110","35,396","59,056",,,,,,,,,,
Virginia,"Roanoke, Virginia","Service began on 10/31/17, during FY 2018.",,,,,"51,698",,,,,,,,,
Virginia,"Staunton, Virginia",,"4,748","3,610","3,565","5,405","5,160","6,487","6,250","6,735","6,823","7,733","6,930","6,217","5,860","2,387"
Virginia,"Williamsburg, Virginia",,"48,083","28,397","28,872","54,553","57,212","60,316","59,677","61,625","61,074","62,026","58,894","53,056","47,176","19,179"
Virginia,"Woodbridge, Virginia",,"18,994","7,324","7,453","11,738","21,799","16,712","17,456","24,212","29,418","28,311","21,794","17,612","11,250","2,975"
Washington,"Bellingham, Washington",,129,,"23,494","53,659","49,669","51,219","50,896","51,915","54,888","55,325","64,091","59,490","63,683","28,454"
Washington,"Bingen-White Salmon, Washington",,"2,191","1,473","2,133","3,060","3,272","3,825","3,691","3,081","2,867","3,629","3,147","2,420","3,245",832
Washington,"Centralia, Washington",,"16,339","10,039","14,471","26,558","28,218","25,178","25,871","24,791","25,525","25,132","23,331","21,998","23,948","9,527"
Washington,"Edmonds, Washington",,"4,223","3,033","13,085","29,462","28,999","31,081","31,389","30,012","29,604","29,250","32,896","30,472","32,668","14,642"
Washington,"Ephrata, Washington",,"2,441","2,014","2,500","3,977","3,503","3,742","3,509","3,443","3,576","3,750","3,874","3,063","3,543","1,208"
Washington,"Everett, Washington",,"11,914","9,853","20,491","40,249","38,997","41,783","41,544","40,693","42,225","43,115","44,576","42,288","45,449","20,650"
Washington,"Kelso-Longview, Washington",,"19,711","11,109","17,015","31,081","31,228","29,937","31,660","31,017","30,326","28,892","26,560","26,972","28,761","10,514"
Washington,"Leavenworth, Washington",,"6,624","3,596","6,044","7,443","7,584","8,219","7,957","7,538","11,307","9,231","12,751","8,028","9,574","4,440"
Washington,"Mount Vernon, Washington",,22,,"6,418","16,367","16,815","17,776","18,319","18,193","18,225","16,719","18,561","18,747","18,849","9,147"
Washington,"Olympia/Lacey, Washington",,"40,882","23,306","34,995","68,310","66,442","63,426","63,169","61,535","62,828","63,065","61,322","58,094","62,234","20,990"
Washington,"Pasco, Washington",,"15,038","9,876","13,832","22,322","23,299","24,245","23,198","22,471","22,393","25,423","25,535","22,598","25,891","9,873"
Washington,"Seattle, Washington",,"384,726","193,076","289,180","682,132","686,426","667,475","649,491","604,832","626,623","640,054","672,351","672,485","677,953","307,290"
Washington,"Spokane, Washington",,"34,053","22,544","29,007","46,802","47,562","50,347","51,211","50,365","53,500","63,975","62,773","46,798","50,279","20,676"
Washington,"Stanwood, Washington",,10,,"2,134","5,856","5,078","5,172","4,975","4,499","4,674","4,255","4,237","4,134","4,396",
Washington,"Tacoma, Washington",,"66,689","40,060","59,143","111,243","112,421","115,530","118,832","118,223","125,984","126,027","123,063","124,252","128,674","53,390"
Washington,"Tukwila, Washington",,"23,337","1,193","17,302","35,117","33,288","31,380","30,148","28,503","28,636","29,434","26,759","26,549","24,567","6,305"
Washington,"Vancouver, Washington",,"73,546","38,702","53,467","103,065","119,818","97,627","96,927","93,433","96,330","98,473","99,363","99,001","100,979","37,253"
Washington,"Wenatchee, Washington",,"9,002","6,581","9,356","13,623","17,301","15,099","15,337","12,696","13,480","14,420","15,895","13,664","16,912","7,005"
Washington,"Wishram, Washington",,872,712,826,"1,259","1,339","1,577","1,330","1,300","1,512","1,570","1,567","2,128","1,580","1,157"
West Virginia,"Alderson, West Virginia",,315,271,198,578,433,449,449,432,551,586,603,659,705,256
West Virginia,"Charleston, West Virginia",,,"5,155",,"8,280","11,251","9,812","9,785","9,844","9,675","10,038","9,799","9,783","9,507","4,156"
West Virginia,"Charleston*, West Virginia",,"6,641",,"5,120",,,,,,,,,,,
West Virginia,"Harpers Ferry, West Virginia",,"6,539","4,025","4,322","7,920","7,638","8,267","7,365","6,314","6,313","6,287","5,483","5,006","4,618","1,446"
West Virginia,"Hinton, West Virginia",,"2,572","1,533","2,660","6,456","5,836","4,463","7,344","7,506","8,502","8,897","8,742","8,632","8,803","5,578"
West Virginia,"Huntington, West Virginia",,"3,102","2,556","3,743","8,870","10,296","6,925","10,723","10,706","11,515","11,186","11,743","11,721","11,345","6,988"
West Virginia,"Martinsburg, West Virginia",,"8,148","5,357","7,347","10,917","10,784","11,267","11,121","10,309","9,824","9,331","8,641","7,734","6,986","2,659"
West Virginia,"Montgomery, West Virginia",,340,361,228,275,347,500,669,639,641,614,580,473,936,413
West Virginia,"Prince, West Virginia",,"1,555","1,293","1,353","2,717","2,162","2,988","2,943","2,925","3,136","3,406","3,125","3,197","3,364","1,647"
West Virginia,"Thurmond, West Virginia",,382,364,220,364,285,345,293,295,390,563,264,254,230,60
West Virginia,"White Sulphur Springs, West Virginia",,"4,293","2,818","4,038","5,191","5,230","5,878","5,219","5,107","5,165","5,204","5,985","6,056","4,654","1,966"
Wisconsin,"Columbus, Wisconsin",,"8,460","6,019","7,103","12,537","11,414","13,545","14,005","12,906","12,962","16,188","16,259","15,473","18,025","7,344"
Wisconsin,"La Crosse, Wisconsin",,"16,399","11,169","15,450","25,587","26,157","27,368","26,619","24,269","24,036","28,128","28,872","28,414","31,666","11,598"
Wisconsin,"Milwaukee Airport, Wisconsin",,"84,621","37,580","74,162","178,962","180,314","164,054","159,632","157,042","159,869","160,254","163,772","162,825","155,726","16,062"
Wisconsin,"Milwaukee, Wisconsin",,"379,535","198,389","311,350","639,713","604,631","605,351","597,134","594,076","596,415","617,153","632,078","617,800","588,617","238,850"
Wisconsin,"Portage, Wisconsin",,"4,810","3,440","4,268","7,061","7,266","9,077","7,786","6,116","5,847","7,455","6,747","6,115","7,483","3,101"
Wisconsin,"Sturtevant, Wisconsin",,"36,289","17,977","36,178","81,846","92,813","83,902","76,987","74,472","70,341","74,031","75,052","69,166","70,737","25,616"
Wisconsin,"Tomah, Wisconsin",,"8,351","6,091","8,151","11,394","12,278","13,792","13,083","10,300","9,426","10,805","10,775","9,715","10,892","3,844"
Wisconsin,"Wisconsin Dells, Wisconsin",,"10,505","8,304","8,559","14,722","13,631","14,606","14,419","13,240","12,742","13,768","13,543","14,265","13,609","5,383"